<?xml version="1.0" encoding="UTF-8"?>
<project-private xmlns="http://www.netbeans.org/ns/project-private/1">
    <editor-bookmarks xmlns="http://www.netbeans.org/ns/editor-bookmarks/2" lastBookmarkId="1">
        <file>
            <url>src/hilos/hiloChatCliente.java</url>
            <bookmark id="1">
                <name/>
                <line>167</line>
                <key/>
            </bookmark>
        </file>
    </editor-bookmarks>
    <open-files xmlns="http://www.netbeans.org/ns/projectui-open-files/2">
        <group>
            <file>file:/D:/GitHub/ProyectoFinalEstDatos/ProyectoFinalDatos2_cliente/src/hilos/CamaraThreadC.java</file>
            <file>file:/D:/GitHub/ProyectoFinalEstDatos/ProyectoFinalDatos2_cliente/src/cliente/cliente.java</file>
            <file>file:/D:/GitHub/ProyectoFinalEstDatos/ProyectoFinalDatos2_cliente/build.xml</file>
            <file>file:/D:/GitHub/ProyectoFinalEstDatos/ProyectoFinalDatos2_cliente/src/hilos/EnviarImagenCamaraThreadC.java</file>
            <file>file:/D:/GitHub/ProyectoFinalEstDatos/ProyectoFinalDatos2_cliente/src/hilos/ChatThreadC.java</file>
        </group>
    </open-files>
</project-private>
